encounter_id,winner_url,winner,loser_url,loser,winner_score,loser_score,winner_rating,loser_rating,new_winner_rating,new_loser_rating
6,/tournament/633C3E6E-A97A-45F9-B1B4-1ADA348C350C/player/152CEA8B-87AE-457E-8DAD-4526868C7783,tedkittenski,/tournament/633C3E6E-A97A-45F9-B1B4-1ADA348C350C/player/152CEA8B-87AE-457E-8DAD-4526868C7783,tedkittenski,tedkittenski,3,25.0,25.0,29.39583201999916,20.604167980000835
12,/tournament/633C3E6E-A97A-45F9-B1B4-1ADA348C350C/player/054C0B24-525F-4900-A94F-303DD7E0A9AB,Kumatora,/tournament/633C3E6E-A97A-45F9-B1B4-1ADA348C350C/player/054C0B24-525F-4900-A94F-303DD7E0A9AB,Kumatora,Kumatora,3,25.0,25.0,29.39583201999916,20.604167980000835
16,/tournament/633C3E6E-A97A-45F9-B1B4-1ADA348C350C/player/C214276E-3E28-431B-9620-0CAD0A2B1780,Andrew,/tournament/633C3E6E-A97A-45F9-B1B4-1ADA348C350C/player/C214276E-3E28-431B-9620-0CAD0A2B1780,Andrew,Andrew,3,25.0,25.0,29.39583201999916,20.604167980000835
14,/tournament/633C3E6E-A97A-45F9-B1B4-1ADA348C350C/player/22B250E4-1F29-4965-AA15-BAE163C51C48,witdashifts | ren,/tournament/633C3E6E-A97A-45F9-B1B4-1ADA348C350C/player/22B250E4-1F29-4965-AA15-BAE163C51C48,witdashifts | ren,witdashifts | ren,3,25.0,25.0,29.39583201999916,20.604167980000835
10,/tournament/633C3E6E-A97A-45F9-B1B4-1ADA348C350C/player/B3251521-0410-4102-849B-508B91055706,Ferrari,/tournament/633C3E6E-A97A-45F9-B1B4-1ADA348C350C/player/B3251521-0410-4102-849B-508B91055706,Ferrari,0,Ferrari,25.0,25.0,29.39583201999916,20.604167980000835
2,/tournament/633C3E6E-A97A-45F9-B1B4-1ADA348C350C/player/3A1DB1A3-E2A7-478D-82ED-5F1392DFD1F9,HoG|SRG|WCT | Jkiller,/tournament/633C3E6E-A97A-45F9-B1B4-1ADA348C350C/player/3A1DB1A3-E2A7-478D-82ED-5F1392DFD1F9,HoG|SRG|WCT | Jkiller,1,HoG|SRG|WCT | Jkiller,25.0,25.0,29.39583201999916,20.604167980000835
8,/tournament/633C3E6E-A97A-45F9-B1B4-1ADA348C350C/player/5FA6F7BC-EA58-436E-A95D-663C4BFBE9EA,Moby Dick | Fruity,/tournament/633C3E6E-A97A-45F9-B1B4-1ADA348C350C/player/5FA6F7BC-EA58-436E-A95D-663C4BFBE9EA,Moby Dick | Fruity,Moby Dick | Fruity,3,25.0,25.0,29.39583201999916,20.604167980000835
23,/tournament/633C3E6E-A97A-45F9-B1B4-1ADA348C350C/player/C09FC6AD-FF20-4743-A7DF-ACCD0B57B842,$G|MP | Bank,/tournament/633C3E6E-A97A-45F9-B1B4-1ADA348C350C/player/C09FC6AD-FF20-4743-A7DF-ACCD0B57B842,$G|MP | Bank,$G|MP | Bank,3,25.0,25.0,29.39583201999916,20.604167980000835
18,/tournament/633C3E6E-A97A-45F9-B1B4-1ADA348C350C/player/D15EB0C1-5E42-48B7-AE57-CC2D32CB5F0A,DadsAkimbo,/tournament/633C3E6E-A97A-45F9-B1B4-1ADA348C350C/player/D15EB0C1-5E42-48B7-AE57-CC2D32CB5F0A,DadsAkimbo,DadsAkimbo,3,25.0,25.0,29.39583201999916,20.604167980000835
17,/tournament/633C3E6E-A97A-45F9-B1B4-1ADA348C350C/player/F6E88BFB-8602-4A5A-9A02-7FA6D3098A6C,MATE | Kalvar,/tournament/633C3E6E-A97A-45F9-B1B4-1ADA348C350C/player/F6E88BFB-8602-4A5A-9A02-7FA6D3098A6C,MATE | Kalvar,MATE | Kalvar,3,25.0,25.0,29.39583201999916,20.604167980000835
24,/tournament/633C3E6E-A97A-45F9-B1B4-1ADA348C350C/player/81101D13-20BA-4EAE-B751-833DA282F716,kuro,/tournament/633C3E6E-A97A-45F9-B1B4-1ADA348C350C/player/81101D13-20BA-4EAE-B751-833DA282F716,kuro,kuro,3,25.0,25.0,29.39583201999916,20.604167980000835
20,/tournament/633C3E6E-A97A-45F9-B1B4-1ADA348C350C/player/50459CB1-F14C-4F3E-894B-2F284C0EC5CB,Bin/BTR | Yousef,/tournament/633C3E6E-A97A-45F9-B1B4-1ADA348C350C/player/50459CB1-F14C-4F3E-894B-2F284C0EC5CB,Bin/BTR | Yousef,Bin/BTR | Yousef,3,25.0,25.0,29.39583201999916,20.604167980000835
19,/tournament/633C3E6E-A97A-45F9-B1B4-1ADA348C350C/player/146362B5-C93F-4326-A961-87E5CB8CC214,Karils | Conflict,/tournament/633C3E6E-A97A-45F9-B1B4-1ADA348C350C/player/146362B5-C93F-4326-A961-87E5CB8CC214,Karils | Conflict,Karils | Conflict,3,25.0,25.0,29.39583201999916,20.604167980000835
22,/tournament/633C3E6E-A97A-45F9-B1B4-1ADA348C350C/player/FD39543D-BDAA-4761-819C-A24F04A13F66,Sweat,/tournament/633C3E6E-A97A-45F9-B1B4-1ADA348C350C/player/FD39543D-BDAA-4761-819C-A24F04A13F66,Sweat,Sweat,3,25.0,25.0,29.39583201999916,20.604167980000835
54,/tournament/633C3E6E-A97A-45F9-B1B4-1ADA348C350C/player/8062702E-A7FA-4EC3-8392-CAE1EC850CA7,Vexoskeleton,/tournament/633C3E6E-A97A-45F9-B1B4-1ADA348C350C/player/8062702E-A7FA-4EC3-8392-CAE1EC850CA7,Vexoskeleton,Vexoskeleton,3,25.0,25.0,29.39583201999916,20.604167980000835
47,/tournament/633C3E6E-A97A-45F9-B1B4-1ADA348C350C/player/C214276E-3E28-431B-9620-0CAD0A2B1780,Andrew,/tournament/633C3E6E-A97A-45F9-B1B4-1ADA348C350C/player/C214276E-3E28-431B-9620-0CAD0A2B1780,Andrew,Andrew,3,25.0,25.0,29.39583201999916,20.604167980000835
21,/tournament/633C3E6E-A97A-45F9-B1B4-1ADA348C350C/player/89F9B97B-4479-4C7A-9D38-20AB7C84492A,Greenstach,/tournament/633C3E6E-A97A-45F9-B1B4-1ADA348C350C/player/89F9B97B-4479-4C7A-9D38-20AB7C84492A,Greenstach,Greenstach,3,25.0,25.0,29.39583201999916,20.604167980000835
53,/tournament/633C3E6E-A97A-45F9-B1B4-1ADA348C350C/player/D7FDDAC0-A7DA-46EC-8E95-BEF442C36C84,MOOP,/tournament/633C3E6E-A97A-45F9-B1B4-1ADA348C350C/player/D7FDDAC0-A7DA-46EC-8E95-BEF442C36C84,MOOP,MOOP,3,25.0,25.0,29.39583201999916,20.604167980000835
49,/tournament/633C3E6E-A97A-45F9-B1B4-1ADA348C350C/player/054C0B24-525F-4900-A94F-303DD7E0A9AB,Kumatora,/tournament/633C3E6E-A97A-45F9-B1B4-1ADA348C350C/player/054C0B24-525F-4900-A94F-303DD7E0A9AB,Kumatora,Kumatora,3,25.0,25.0,29.39583201999916,20.604167980000835
52,/tournament/633C3E6E-A97A-45F9-B1B4-1ADA348C350C/player/152CEA8B-87AE-457E-8DAD-4526868C7783,tedkittenski,/tournament/633C3E6E-A97A-45F9-B1B4-1ADA348C350C/player/152CEA8B-87AE-457E-8DAD-4526868C7783,tedkittenski,tedkittenski,3,25.0,25.0,29.39583201999916,20.604167980000835
55,/tournament/633C3E6E-A97A-45F9-B1B4-1ADA348C350C/player/C214276E-3E28-431B-9620-0CAD0A2B1780,Andrew,/tournament/633C3E6E-A97A-45F9-B1B4-1ADA348C350C/player/C214276E-3E28-431B-9620-0CAD0A2B1780,Andrew,Andrew,3,25.0,25.0,29.39583201999916,20.604167980000835
51,/tournament/633C3E6E-A97A-45F9-B1B4-1ADA348C350C/player/5FA6F7BC-EA58-436E-A95D-663C4BFBE9EA,Moby Dick | Fruity,/tournament/633C3E6E-A97A-45F9-B1B4-1ADA348C350C/player/5FA6F7BC-EA58-436E-A95D-663C4BFBE9EA,Moby Dick | Fruity,2,Moby Dick | Fruity,25.0,25.0,29.39583201999916,20.604167980000835
50,/tournament/633C3E6E-A97A-45F9-B1B4-1ADA348C350C/player/A5FB3E0B-7CB8-4E66-9A58-2F6A4289B7B1,chl0rine,/tournament/633C3E6E-A97A-45F9-B1B4-1ADA348C350C/player/A5FB3E0B-7CB8-4E66-9A58-2F6A4289B7B1,chl0rine,chl0rine,3,25.0,25.0,29.39583201999916,20.604167980000835
58,/tournament/633C3E6E-A97A-45F9-B1B4-1ADA348C350C/player/D7FDDAC0-A7DA-46EC-8E95-BEF442C36C84,MOOP,/tournament/633C3E6E-A97A-45F9-B1B4-1ADA348C350C/player/D7FDDAC0-A7DA-46EC-8E95-BEF442C36C84,MOOP,MOOP,3,25.0,25.0,29.39583201999916,20.604167980000835
25,/tournament/633C3E6E-A97A-45F9-B1B4-1ADA348C350C/player/F6E88BFB-8602-4A5A-9A02-7FA6D3098A6C,MATE | Kalvar,/tournament/633C3E6E-A97A-45F9-B1B4-1ADA348C350C/player/F6E88BFB-8602-4A5A-9A02-7FA6D3098A6C,MATE | Kalvar,MATE | Kalvar,3,25.0,25.0,29.39583201999916,20.604167980000835
57,/tournament/633C3E6E-A97A-45F9-B1B4-1ADA348C350C/player/B3251521-0410-4102-849B-508B91055706,Ferrari,/tournament/633C3E6E-A97A-45F9-B1B4-1ADA348C350C/player/B3251521-0410-4102-849B-508B91055706,Ferrari,1,Ferrari,25.0,25.0,29.39583201999916,20.604167980000835
28,/tournament/633C3E6E-A97A-45F9-B1B4-1ADA348C350C/player/C09FC6AD-FF20-4743-A7DF-ACCD0B57B842,$G|MP | Bank,/tournament/633C3E6E-A97A-45F9-B1B4-1ADA348C350C/player/C09FC6AD-FF20-4743-A7DF-ACCD0B57B842,$G|MP | Bank,2,$G|MP | Bank,25.0,25.0,29.39583201999916,20.604167980000835
26,/tournament/633C3E6E-A97A-45F9-B1B4-1ADA348C350C/player/146362B5-C93F-4326-A961-87E5CB8CC214,Karils | Conflict,/tournament/633C3E6E-A97A-45F9-B1B4-1ADA348C350C/player/146362B5-C93F-4326-A961-87E5CB8CC214,Karils | Conflict,Karils | Conflict,3,25.0,25.0,29.39583201999916,20.604167980000835
56,/tournament/633C3E6E-A97A-45F9-B1B4-1ADA348C350C/player/054C0B24-525F-4900-A94F-303DD7E0A9AB,Kumatora,/tournament/633C3E6E-A97A-45F9-B1B4-1ADA348C350C/player/054C0B24-525F-4900-A94F-303DD7E0A9AB,Kumatora,Kumatora,3,25.0,25.0,29.39583201999916,20.604167980000835
27,/tournament/633C3E6E-A97A-45F9-B1B4-1ADA348C350C/player/89F9B97B-4479-4C7A-9D38-20AB7C84492A,Greenstach,/tournament/633C3E6E-A97A-45F9-B1B4-1ADA348C350C/player/89F9B97B-4479-4C7A-9D38-20AB7C84492A,Greenstach,2,Greenstach,25.0,25.0,29.39583201999916,20.604167980000835
61,/tournament/633C3E6E-A97A-45F9-B1B4-1ADA348C350C/player/C09FC6AD-FF20-4743-A7DF-ACCD0B57B842,$G|MP | Bank,/tournament/633C3E6E-A97A-45F9-B1B4-1ADA348C350C/player/C09FC6AD-FF20-4743-A7DF-ACCD0B57B842,$G|MP | Bank,$G|MP | Bank,3,25.0,25.0,29.39583201999916,20.604167980000835
59,/tournament/633C3E6E-A97A-45F9-B1B4-1ADA348C350C/player/50459CB1-F14C-4F3E-894B-2F284C0EC5CB,Bin/BTR | Yousef,/tournament/633C3E6E-A97A-45F9-B1B4-1ADA348C350C/player/50459CB1-F14C-4F3E-894B-2F284C0EC5CB,Bin/BTR | Yousef,Bin/BTR | Yousef,3,25.0,25.0,29.39583201999916,20.604167980000835
30,/tournament/633C3E6E-A97A-45F9-B1B4-1ADA348C350C/player/FD39543D-BDAA-4761-819C-A24F04A13F66,Sweat,/tournament/633C3E6E-A97A-45F9-B1B4-1ADA348C350C/player/FD39543D-BDAA-4761-819C-A24F04A13F66,Sweat,0,Sweat,25.0,25.0,29.39583201999916,20.604167980000835
62,/tournament/633C3E6E-A97A-45F9-B1B4-1ADA348C350C/player/89F9B97B-4479-4C7A-9D38-20AB7C84492A,Greenstach,/tournament/633C3E6E-A97A-45F9-B1B4-1ADA348C350C/player/89F9B97B-4479-4C7A-9D38-20AB7C84492A,Greenstach,Greenstach,3,25.0,25.0,29.39583201999916,20.604167980000835
29,/tournament/633C3E6E-A97A-45F9-B1B4-1ADA348C350C/player/F6E88BFB-8602-4A5A-9A02-7FA6D3098A6C,MATE | Kalvar,/tournament/633C3E6E-A97A-45F9-B1B4-1ADA348C350C/player/F6E88BFB-8602-4A5A-9A02-7FA6D3098A6C,MATE | Kalvar,MATE | Kalvar,3,25.0,25.0,29.39583201999916,20.604167980000835
60,/tournament/633C3E6E-A97A-45F9-B1B4-1ADA348C350C/player/D15EB0C1-5E42-48B7-AE57-CC2D32CB5F0A,DadsAkimbo,/tournament/633C3E6E-A97A-45F9-B1B4-1ADA348C350C/player/D15EB0C1-5E42-48B7-AE57-CC2D32CB5F0A,DadsAkimbo,DadsAkimbo,3,25.0,25.0,29.39583201999916,20.604167980000835
63,/tournament/633C3E6E-A97A-45F9-B1B4-1ADA348C350C/player/50459CB1-F14C-4F3E-894B-2F284C0EC5CB,Bin/BTR | Yousef,/tournament/633C3E6E-A97A-45F9-B1B4-1ADA348C350C/player/50459CB1-F14C-4F3E-894B-2F284C0EC5CB,Bin/BTR | Yousef,Bin/BTR | Yousef,3,25.0,25.0,29.39583201999916,20.604167980000835
64,/tournament/633C3E6E-A97A-45F9-B1B4-1ADA348C350C/player/C09FC6AD-FF20-4743-A7DF-ACCD0B57B842,$G|MP | Bank,/tournament/633C3E6E-A97A-45F9-B1B4-1ADA348C350C/player/C09FC6AD-FF20-4743-A7DF-ACCD0B57B842,$G|MP | Bank,1,$G|MP | Bank,25.0,25.0,29.39583201999916,20.604167980000835
68,/tournament/633C3E6E-A97A-45F9-B1B4-1ADA348C350C/player/4B376D3E-AF9F-401C-A09F-4FA417B3FBC5,Clambering Netizen,/tournament/633C3E6E-A97A-45F9-B1B4-1ADA348C350C/player/4B376D3E-AF9F-401C-A09F-4FA417B3FBC5,Clambering Netizen,Clambering Netizen,3,25.0,25.0,29.39583201999916,20.604167980000835
80,/tournament/633C3E6E-A97A-45F9-B1B4-1ADA348C350C/player/33CCFA5E-D301-43DD-A465-AB6BAF109BBB,Raf,/tournament/633C3E6E-A97A-45F9-B1B4-1ADA348C350C/player/33CCFA5E-D301-43DD-A465-AB6BAF109BBB,Raf,Raf,3,25.0,25.0,29.39583201999916,20.604167980000835
66,/tournament/633C3E6E-A97A-45F9-B1B4-1ADA348C350C/player/4D76C657-17EB-4680-ADD9-3C31DF7AB9A9,DarkCloud,/tournament/633C3E6E-A97A-45F9-B1B4-1ADA348C350C/player/4D76C657-17EB-4680-ADD9-3C31DF7AB9A9,DarkCloud,DarkCloud,3,25.0,25.0,29.39583201999916,20.604167980000835
78,/tournament/633C3E6E-A97A-45F9-B1B4-1ADA348C350C/player/1D5EEE18-BC65-4D74-B656-38CCAC13A313,WAS | Sock,/tournament/633C3E6E-A97A-45F9-B1B4-1ADA348C350C/player/1D5EEE18-BC65-4D74-B656-38CCAC13A313,WAS | Sock,WAS | Sock,3,25.0,25.0,29.39583201999916,20.604167980000835
74,/tournament/633C3E6E-A97A-45F9-B1B4-1ADA348C350C/player/8DCABC8A-D030-4C17-9699-8D925C804D20,sfy bees,/tournament/633C3E6E-A97A-45F9-B1B4-1ADA348C350C/player/8DCABC8A-D030-4C17-9699-8D925C804D20,sfy bees,sfy bees,3,25.0,25.0,29.39583201999916,20.604167980000835
83,/tournament/633C3E6E-A97A-45F9-B1B4-1ADA348C350C/player/4B144262-CF20-4CE7-8A2E-A8F58AB635E9,Comcast | The CoveCare Scare,/tournament/633C3E6E-A97A-45F9-B1B4-1ADA348C350C/player/4B144262-CF20-4CE7-8A2E-A8F58AB635E9,Comcast | The CoveCare Scare,Comcast | The CoveCare Scare,3,25.0,25.0,29.39583201999916,20.604167980000835
88,/tournament/633C3E6E-A97A-45F9-B1B4-1ADA348C350C/player/3F0F141D-F841-4851-8108-F0A7C43838D3,hc | kraft,/tournament/633C3E6E-A97A-45F9-B1B4-1ADA348C350C/player/3F0F141D-F841-4851-8108-F0A7C43838D3,hc | kraft,hc | kraft,3,25.0,25.0,29.39583201999916,20.604167980000835
87,/tournament/633C3E6E-A97A-45F9-B1B4-1ADA348C350C/player/9532FC9C-736F-448B-834A-D1CC2341C1F9,MG / NHPR | Golden,/tournament/633C3E6E-A97A-45F9-B1B4-1ADA348C350C/player/9532FC9C-736F-448B-834A-D1CC2341C1F9,MG / NHPR | Golden,MG / NHPR | Golden,3,25.0,25.0,29.39583201999916,20.604167980000835
84,/tournament/633C3E6E-A97A-45F9-B1B4-1ADA348C350C/player/62E74BF0-2516-47FB-9904-8B687A4DEFC9,Rat Rattington,/tournament/633C3E6E-A97A-45F9-B1B4-1ADA348C350C/player/62E74BF0-2516-47FB-9904-8B687A4DEFC9,Rat Rattington,Rat Rattington,3,25.0,25.0,29.39583201999916,20.604167980000835
86,/tournament/633C3E6E-A97A-45F9-B1B4-1ADA348C350C/player/AE6FA720-F196-4B8B-A6B9-9EBC810F8A1F,Hysteric,/tournament/633C3E6E-A97A-45F9-B1B4-1ADA348C350C/player/AE6FA720-F196-4B8B-A6B9-9EBC810F8A1F,Hysteric,Hysteric,3,25.0,25.0,29.39583201999916,20.604167980000835
81,/tournament/633C3E6E-A97A-45F9-B1B4-1ADA348C350C/player/E5B2C321-A1F7-4630-AE8A-6C5154CFAA7C,bonfire10,/tournament/633C3E6E-A97A-45F9-B1B4-1ADA348C350C/player/E5B2C321-A1F7-4630-AE8A-6C5154CFAA7C,bonfire10,bonfire10,3,25.0,25.0,29.39583201999916,20.604167980000835
82,/tournament/633C3E6E-A97A-45F9-B1B4-1ADA348C350C/player/251476DF-8717-4A1B-87B0-CA997BBDC897,HoG | The Baconator,/tournament/633C3E6E-A97A-45F9-B1B4-1ADA348C350C/player/251476DF-8717-4A1B-87B0-CA997BBDC897,HoG | The Baconator,HoG | The Baconator,3,25.0,25.0,29.39583201999916,20.604167980000835
111,/tournament/633C3E6E-A97A-45F9-B1B4-1ADA348C350C/player/33CCFA5E-D301-43DD-A465-AB6BAF109BBB,Raf,/tournament/633C3E6E-A97A-45F9-B1B4-1ADA348C350C/player/33CCFA5E-D301-43DD-A465-AB6BAF109BBB,Raf,Raf,3,25.0,25.0,29.39583201999916,20.604167980000835
112,/tournament/633C3E6E-A97A-45F9-B1B4-1ADA348C350C/player/1D5EEE18-BC65-4D74-B656-38CCAC13A313,WAS | Sock,/tournament/633C3E6E-A97A-45F9-B1B4-1ADA348C350C/player/1D5EEE18-BC65-4D74-B656-38CCAC13A313,WAS | Sock,WAS | Sock,3,25.0,25.0,29.39583201999916,20.604167980000835
85,/tournament/633C3E6E-A97A-45F9-B1B4-1ADA348C350C/player/903E1473-2420-4D37-BD00-D5E4B08DBD1F,OUG | Electroman,/tournament/633C3E6E-A97A-45F9-B1B4-1ADA348C350C/player/903E1473-2420-4D37-BD00-D5E4B08DBD1F,OUG | Electroman,OUG | Electroman,3,25.0,25.0,29.39583201999916,20.604167980000835
92,/tournament/633C3E6E-A97A-45F9-B1B4-1ADA348C350C/player/9532FC9C-736F-448B-834A-D1CC2341C1F9,MG / NHPR | Golden,/tournament/633C3E6E-A97A-45F9-B1B4-1ADA348C350C/player/9532FC9C-736F-448B-834A-D1CC2341C1F9,MG / NHPR | Golden,2,MG / NHPR | Golden,25.0,25.0,29.39583201999916,20.604167980000835
118,/tournament/633C3E6E-A97A-45F9-B1B4-1ADA348C350C/player/4D76C657-17EB-4680-ADD9-3C31DF7AB9A9,DarkCloud,/tournament/633C3E6E-A97A-45F9-B1B4-1ADA348C350C/player/4D76C657-17EB-4680-ADD9-3C31DF7AB9A9,DarkCloud,DarkCloud,3,25.0,25.0,29.39583201999916,20.604167980000835
115,/tournament/633C3E6E-A97A-45F9-B1B4-1ADA348C350C/player/906962F5-5DB3-4DDC-AE0F-2D28B17C8DE0,KrillKilla,/tournament/633C3E6E-A97A-45F9-B1B4-1ADA348C350C/player/906962F5-5DB3-4DDC-AE0F-2D28B17C8DE0,KrillKilla,KrillKilla,3,25.0,25.0,29.39583201999916,20.604167980000835
89,/tournament/633C3E6E-A97A-45F9-B1B4-1ADA348C350C/player/E5B2C321-A1F7-4630-AE8A-6C5154CFAA7C,bonfire10,/tournament/633C3E6E-A97A-45F9-B1B4-1ADA348C350C/player/E5B2C321-A1F7-4630-AE8A-6C5154CFAA7C,bonfire10,bonfire10,3,25.0,25.0,29.39583201999916,20.604167980000835
117,/tournament/633C3E6E-A97A-45F9-B1B4-1ADA348C350C/player/4B376D3E-AF9F-401C-A09F-4FA417B3FBC5,Clambering Netizen,/tournament/633C3E6E-A97A-45F9-B1B4-1ADA348C350C/player/4B376D3E-AF9F-401C-A09F-4FA417B3FBC5,Clambering Netizen,Clambering Netizen,3,25.0,25.0,29.39583201999916,20.604167980000835
91,/tournament/633C3E6E-A97A-45F9-B1B4-1ADA348C350C/player/903E1473-2420-4D37-BD00-D5E4B08DBD1F,OUG | Electroman,/tournament/633C3E6E-A97A-45F9-B1B4-1ADA348C350C/player/903E1473-2420-4D37-BD00-D5E4B08DBD1F,OUG | Electroman,OUG | Electroman,3,25.0,25.0,29.39583201999916,20.604167980000835
90,/tournament/633C3E6E-A97A-45F9-B1B4-1ADA348C350C/player/4B144262-CF20-4CE7-8A2E-A8F58AB635E9,Comcast | The CoveCare Scare,/tournament/633C3E6E-A97A-45F9-B1B4-1ADA348C350C/player/4B144262-CF20-4CE7-8A2E-A8F58AB635E9,Comcast | The CoveCare Scare,Comcast | The CoveCare Scare,3,25.0,25.0,29.39583201999916,20.604167980000835
121,/tournament/633C3E6E-A97A-45F9-B1B4-1ADA348C350C/player/906962F5-5DB3-4DDC-AE0F-2D28B17C8DE0,KrillKilla,/tournament/633C3E6E-A97A-45F9-B1B4-1ADA348C350C/player/906962F5-5DB3-4DDC-AE0F-2D28B17C8DE0,KrillKilla,KrillKilla,3,25.0,25.0,29.39583201999916,20.604167980000835
122,/tournament/633C3E6E-A97A-45F9-B1B4-1ADA348C350C/player/4B376D3E-AF9F-401C-A09F-4FA417B3FBC5,Clambering Netizen,/tournament/633C3E6E-A97A-45F9-B1B4-1ADA348C350C/player/4B376D3E-AF9F-401C-A09F-4FA417B3FBC5,Clambering Netizen,Clambering Netizen,3,25.0,25.0,29.39583201999916,20.604167980000835
119,/tournament/633C3E6E-A97A-45F9-B1B4-1ADA348C350C/player/33CCFA5E-D301-43DD-A465-AB6BAF109BBB,Raf,/tournament/633C3E6E-A97A-45F9-B1B4-1ADA348C350C/player/33CCFA5E-D301-43DD-A465-AB6BAF109BBB,Raf,1,Raf,25.0,25.0,29.39583201999916,20.604167980000835
120,/tournament/633C3E6E-A97A-45F9-B1B4-1ADA348C350C/player/04E2AB4E-CB93-44CE-A165-A48889314D5E,Downey,/tournament/633C3E6E-A97A-45F9-B1B4-1ADA348C350C/player/04E2AB4E-CB93-44CE-A165-A48889314D5E,Downey,2,Downey,25.0,25.0,29.39583201999916,20.604167980000835
125,/tournament/633C3E6E-A97A-45F9-B1B4-1ADA348C350C/player/9532FC9C-736F-448B-834A-D1CC2341C1F9,MG / NHPR | Golden,/tournament/633C3E6E-A97A-45F9-B1B4-1ADA348C350C/player/9532FC9C-736F-448B-834A-D1CC2341C1F9,MG / NHPR | Golden,MG / NHPR | Golden,3,25.0,25.0,29.39583201999916,20.604167980000835
93,/tournament/633C3E6E-A97A-45F9-B1B4-1ADA348C350C/player/E5B2C321-A1F7-4630-AE8A-6C5154CFAA7C,bonfire10,/tournament/633C3E6E-A97A-45F9-B1B4-1ADA348C350C/player/E5B2C321-A1F7-4630-AE8A-6C5154CFAA7C,bonfire10,bonfire10,3,25.0,25.0,29.39583201999916,20.604167980000835
126,/tournament/633C3E6E-A97A-45F9-B1B4-1ADA348C350C/player/AE6FA720-F196-4B8B-A6B9-9EBC810F8A1F,Hysteric,/tournament/633C3E6E-A97A-45F9-B1B4-1ADA348C350C/player/AE6FA720-F196-4B8B-A6B9-9EBC810F8A1F,Hysteric,Hysteric,3,25.0,25.0,29.39583201999916,20.604167980000835
123,/tournament/633C3E6E-A97A-45F9-B1B4-1ADA348C350C/player/62E74BF0-2516-47FB-9904-8B687A4DEFC9,Rat Rattington,/tournament/633C3E6E-A97A-45F9-B1B4-1ADA348C350C/player/62E74BF0-2516-47FB-9904-8B687A4DEFC9,Rat Rattington,Rat Rattington,3,25.0,25.0,29.39583201999916,20.604167980000835
128,/tournament/633C3E6E-A97A-45F9-B1B4-1ADA348C350C/player/9532FC9C-736F-448B-834A-D1CC2341C1F9,MG / NHPR | Golden,/tournament/633C3E6E-A97A-45F9-B1B4-1ADA348C350C/player/9532FC9C-736F-448B-834A-D1CC2341C1F9,MG / NHPR | Golden,MG / NHPR | Golden,3,25.0,25.0,29.39583201999916,20.604167980000835
124,/tournament/633C3E6E-A97A-45F9-B1B4-1ADA348C350C/player/251476DF-8717-4A1B-87B0-CA997BBDC897,HoG | The Baconator,/tournament/633C3E6E-A97A-45F9-B1B4-1ADA348C350C/player/251476DF-8717-4A1B-87B0-CA997BBDC897,HoG | The Baconator,HoG | The Baconator,3,25.0,25.0,29.39583201999916,20.604167980000835
94,/tournament/633C3E6E-A97A-45F9-B1B4-1ADA348C350C/player/903E1473-2420-4D37-BD00-D5E4B08DBD1F,OUG | Electroman,/tournament/633C3E6E-A97A-45F9-B1B4-1ADA348C350C/player/903E1473-2420-4D37-BD00-D5E4B08DBD1F,OUG | Electroman,OUG | Electroman,3,25.0,25.0,29.39583201999916,20.604167980000835
127,/tournament/633C3E6E-A97A-45F9-B1B4-1ADA348C350C/player/62E74BF0-2516-47FB-9904-8B687A4DEFC9,Rat Rattington,/tournament/633C3E6E-A97A-45F9-B1B4-1ADA348C350C/player/62E74BF0-2516-47FB-9904-8B687A4DEFC9,Rat Rattington,Rat Rattington,3,25.0,25.0,29.39583201999916,20.604167980000835
132,/tournament/633C3E6E-A97A-45F9-B1B4-1ADA348C350C/player/551B06D1-38AA-4E07-9C1D-F7A45B475323,Eddy Connecticut,/tournament/633C3E6E-A97A-45F9-B1B4-1ADA348C350C/player/551B06D1-38AA-4E07-9C1D-F7A45B475323,Eddy Connecticut,Eddy Connecticut,3,25.0,25.0,29.39583201999916,20.604167980000835
136,/tournament/633C3E6E-A97A-45F9-B1B4-1ADA348C350C/player/F6F85C7F-7625-42D7-8590-980E832C70C6,HotPeppers,/tournament/633C3E6E-A97A-45F9-B1B4-1ADA348C350C/player/F6F85C7F-7625-42D7-8590-980E832C70C6,HotPeppers,HotPeppers,3,25.0,25.0,29.39583201999916,20.604167980000835
134,/tournament/633C3E6E-A97A-45F9-B1B4-1ADA348C350C/player/0151C725-DC9A-4BD1-AC88-1A4AB86DE81E,Jio,/tournament/633C3E6E-A97A-45F9-B1B4-1ADA348C350C/player/0151C725-DC9A-4BD1-AC88-1A4AB86DE81E,Jio,Jio,3,25.0,25.0,29.39583201999916,20.604167980000835
140,/tournament/633C3E6E-A97A-45F9-B1B4-1ADA348C350C/player/021BC5A2-CA8C-4151-A0CC-623F64C0E8BC,TeaKay,/tournament/633C3E6E-A97A-45F9-B1B4-1ADA348C350C/player/021BC5A2-CA8C-4151-A0CC-623F64C0E8BC,TeaKay,TeaKay,3,25.0,25.0,29.39583201999916,20.604167980000835
142,/tournament/633C3E6E-A97A-45F9-B1B4-1ADA348C350C/player/A6E8966D-43F7-44B4-9CF9-11A07847E2D4,HSG | RyuCloud,/tournament/633C3E6E-A97A-45F9-B1B4-1ADA348C350C/player/A6E8966D-43F7-44B4-9CF9-11A07847E2D4,HSG | RyuCloud,HSG | RyuCloud,3,25.0,25.0,29.39583201999916,20.604167980000835
130,/tournament/633C3E6E-A97A-45F9-B1B4-1ADA348C350C/player/488DEFB6-DD5E-4BA3-B865-82433E634088,hc | Newquake,/tournament/633C3E6E-A97A-45F9-B1B4-1ADA348C350C/player/488DEFB6-DD5E-4BA3-B865-82433E634088,hc | Newquake,hc | Newquake,3,25.0,25.0,29.39583201999916,20.604167980000835
138,/tournament/633C3E6E-A97A-45F9-B1B4-1ADA348C350C/player/FC799493-E066-4FE8-B41A-7163CDD5A83F,N0va | WAS | N0va,/tournament/633C3E6E-A97A-45F9-B1B4-1ADA348C350C/player/FC799493-E066-4FE8-B41A-7163CDD5A83F,N0va | WAS | N0va,1,N0va | WAS | N0va,25.0,25.0,29.39583201999916,20.604167980000835
144,/tournament/633C3E6E-A97A-45F9-B1B4-1ADA348C350C/player/88F1748E-E2A8-47F5-A92B-D97A32A305D8,zaubermaus,/tournament/633C3E6E-A97A-45F9-B1B4-1ADA348C350C/player/88F1748E-E2A8-47F5-A92B-D97A32A305D8,zaubermaus,zaubermaus,3,25.0,25.0,29.39583201999916,20.604167980000835
147,/tournament/633C3E6E-A97A-45F9-B1B4-1ADA348C350C/player/26D4A774-A067-467A-8E7A-C1DCD52E9F8A,Guex,/tournament/633C3E6E-A97A-45F9-B1B4-1ADA348C350C/player/26D4A774-A067-467A-8E7A-C1DCD52E9F8A,Guex,Guex,3,25.0,25.0,29.39583201999916,20.604167980000835
148,/tournament/633C3E6E-A97A-45F9-B1B4-1ADA348C350C/player/E9AC8BCC-9BD0-4DE2-B0D8-37AABEEF76F2,HoG | Brub,/tournament/633C3E6E-A97A-45F9-B1B4-1ADA348C350C/player/E9AC8BCC-9BD0-4DE2-B0D8-37AABEEF76F2,HoG | Brub,HoG | Brub,3,25.0,25.0,29.39583201999916,20.604167980000835
149,/tournament/633C3E6E-A97A-45F9-B1B4-1ADA348C350C/player/92BBDDE1-A0B2-4F31-83F0-704B6F28CAA1,HoG | Arty,/tournament/633C3E6E-A97A-45F9-B1B4-1ADA348C350C/player/92BBDDE1-A0B2-4F31-83F0-704B6F28CAA1,HoG | Arty,HoG | Arty,3,25.0,25.0,29.39583201999916,20.604167980000835
150,/tournament/633C3E6E-A97A-45F9-B1B4-1ADA348C350C/player/1F8BBA5A-DDAE-419B-AA90-3BF888811659,Gambit,/tournament/633C3E6E-A97A-45F9-B1B4-1ADA348C350C/player/1F8BBA5A-DDAE-419B-AA90-3BF888811659,Gambit,Gambit,3,25.0,25.0,29.39583201999916,20.604167980000835
151,/tournament/633C3E6E-A97A-45F9-B1B4-1ADA348C350C/player/5E7DE9BF-70A3-4564-8258-F717553F12A8,regEx,/tournament/633C3E6E-A97A-45F9-B1B4-1ADA348C350C/player/5E7DE9BF-70A3-4564-8258-F717553F12A8,regEx,regEx,3,25.0,25.0,29.39583201999916,20.604167980000835
145,/tournament/633C3E6E-A97A-45F9-B1B4-1ADA348C350C/player/6D876D0E-946D-4FF3-8E0B-7F8C856DA4F0,Ember,/tournament/633C3E6E-A97A-45F9-B1B4-1ADA348C350C/player/6D876D0E-946D-4FF3-8E0B-7F8C856DA4F0,Ember,Ember,3,25.0,25.0,29.39583201999916,20.604167980000835
180,/tournament/633C3E6E-A97A-45F9-B1B4-1ADA348C350C/player/0151C725-DC9A-4BD1-AC88-1A4AB86DE81E,Jio,/tournament/633C3E6E-A97A-45F9-B1B4-1ADA348C350C/player/0151C725-DC9A-4BD1-AC88-1A4AB86DE81E,Jio,Jio,3,25.0,25.0,29.39583201999916,20.604167980000835
179,/tournament/633C3E6E-A97A-45F9-B1B4-1ADA348C350C/player/F6F85C7F-7625-42D7-8590-980E832C70C6,HotPeppers,/tournament/633C3E6E-A97A-45F9-B1B4-1ADA348C350C/player/F6F85C7F-7625-42D7-8590-980E832C70C6,HotPeppers,HotPeppers,3,25.0,25.0,29.39583201999916,20.604167980000835
152,/tournament/633C3E6E-A97A-45F9-B1B4-1ADA348C350C/player/A0E97F94-9634-44FA-AB18-3BA5CA6FB058,Miranda,/tournament/633C3E6E-A97A-45F9-B1B4-1ADA348C350C/player/A0E97F94-9634-44FA-AB18-3BA5CA6FB058,Miranda,Miranda,3,25.0,25.0,29.39583201999916,20.604167980000835
178,/tournament/633C3E6E-A97A-45F9-B1B4-1ADA348C350C/player/0DD79C93-2102-4F00-AB02-D13388DED344,Pooky,/tournament/633C3E6E-A97A-45F9-B1B4-1ADA348C350C/player/0DD79C93-2102-4F00-AB02-D13388DED344,Pooky,Pooky,3,25.0,25.0,29.39583201999916,20.604167980000835
146,/tournament/633C3E6E-A97A-45F9-B1B4-1ADA348C350C/player/A854A74E-D806-4B95-98CD-DB2510AC8AEB,Twisty,/tournament/633C3E6E-A97A-45F9-B1B4-1ADA348C350C/player/A854A74E-D806-4B95-98CD-DB2510AC8AEB,Twisty,Twisty,3,25.0,25.0,29.39583201999916,20.604167980000835
176,/tournament/633C3E6E-A97A-45F9-B1B4-1ADA348C350C/player/A6E8966D-43F7-44B4-9CF9-11A07847E2D4,HSG | RyuCloud,/tournament/633C3E6E-A97A-45F9-B1B4-1ADA348C350C/player/A6E8966D-43F7-44B4-9CF9-11A07847E2D4,HSG | RyuCloud,HSG | RyuCloud,3,25.0,25.0,29.39583201999916,20.604167980000835
177,/tournament/633C3E6E-A97A-45F9-B1B4-1ADA348C350C/player/021BC5A2-CA8C-4151-A0CC-623F64C0E8BC,TeaKay,/tournament/633C3E6E-A97A-45F9-B1B4-1ADA348C350C/player/021BC5A2-CA8C-4151-A0CC-623F64C0E8BC,TeaKay,TeaKay,3,25.0,25.0,29.39583201999916,20.604167980000835
181,/tournament/633C3E6E-A97A-45F9-B1B4-1ADA348C350C/player/551B06D1-38AA-4E07-9C1D-F7A45B475323,Eddy Connecticut,/tournament/633C3E6E-A97A-45F9-B1B4-1ADA348C350C/player/551B06D1-38AA-4E07-9C1D-F7A45B475323,Eddy Connecticut,Eddy Connecticut,3,25.0,25.0,29.39583201999916,20.604167980000835
155,/tournament/633C3E6E-A97A-45F9-B1B4-1ADA348C350C/player/92BBDDE1-A0B2-4F31-83F0-704B6F28CAA1,HoG | Arty,/tournament/633C3E6E-A97A-45F9-B1B4-1ADA348C350C/player/92BBDDE1-A0B2-4F31-83F0-704B6F28CAA1,HoG | Arty,HoG | Arty,3,25.0,25.0,29.39583201999916,20.604167980000835
184,/tournament/633C3E6E-A97A-45F9-B1B4-1ADA348C350C/player/021BC5A2-CA8C-4151-A0CC-623F64C0E8BC,TeaKay,/tournament/633C3E6E-A97A-45F9-B1B4-1ADA348C350C/player/021BC5A2-CA8C-4151-A0CC-623F64C0E8BC,TeaKay,TeaKay,3,25.0,25.0,29.39583201999916,20.604167980000835
182,/tournament/633C3E6E-A97A-45F9-B1B4-1ADA348C350C/player/488DEFB6-DD5E-4BA3-B865-82433E634088,hc | Newquake,/tournament/633C3E6E-A97A-45F9-B1B4-1ADA348C350C/player/488DEFB6-DD5E-4BA3-B865-82433E634088,hc | Newquake,hc | Newquake,3,25.0,25.0,29.39583201999916,20.604167980000835
175,/tournament/633C3E6E-A97A-45F9-B1B4-1ADA348C350C/player/88F1748E-E2A8-47F5-A92B-D97A32A305D8,zaubermaus,/tournament/633C3E6E-A97A-45F9-B1B4-1ADA348C350C/player/88F1748E-E2A8-47F5-A92B-D97A32A305D8,zaubermaus,zaubermaus,3,25.0,25.0,29.39583201999916,20.604167980000835
153,/tournament/633C3E6E-A97A-45F9-B1B4-1ADA348C350C/player/6D876D0E-946D-4FF3-8E0B-7F8C856DA4F0,Ember,/tournament/633C3E6E-A97A-45F9-B1B4-1ADA348C350C/player/6D876D0E-946D-4FF3-8E0B-7F8C856DA4F0,Ember,Ember,3,25.0,25.0,29.39583201999916,20.604167980000835
154,/tournament/633C3E6E-A97A-45F9-B1B4-1ADA348C350C/player/26D4A774-A067-467A-8E7A-C1DCD52E9F8A,Guex,/tournament/633C3E6E-A97A-45F9-B1B4-1ADA348C350C/player/26D4A774-A067-467A-8E7A-C1DCD52E9F8A,Guex,Guex,3,25.0,25.0,29.39583201999916,20.604167980000835
185,/tournament/633C3E6E-A97A-45F9-B1B4-1ADA348C350C/player/F6F85C7F-7625-42D7-8590-980E832C70C6,HotPeppers,/tournament/633C3E6E-A97A-45F9-B1B4-1ADA348C350C/player/F6F85C7F-7625-42D7-8590-980E832C70C6,HotPeppers,HotPeppers,3,25.0,25.0,29.39583201999916,20.604167980000835
186,/tournament/633C3E6E-A97A-45F9-B1B4-1ADA348C350C/player/551B06D1-38AA-4E07-9C1D-F7A45B475323,Eddy Connecticut,/tournament/633C3E6E-A97A-45F9-B1B4-1ADA348C350C/player/551B06D1-38AA-4E07-9C1D-F7A45B475323,Eddy Connecticut,Eddy Connecticut,3,25.0,25.0,29.39583201999916,20.604167980000835
156,/tournament/633C3E6E-A97A-45F9-B1B4-1ADA348C350C/player/5E7DE9BF-70A3-4564-8258-F717553F12A8,regEx,/tournament/633C3E6E-A97A-45F9-B1B4-1ADA348C350C/player/5E7DE9BF-70A3-4564-8258-F717553F12A8,regEx,regEx,3,25.0,25.0,29.39583201999916,20.604167980000835
183,/tournament/633C3E6E-A97A-45F9-B1B4-1ADA348C350C/player/88F1748E-E2A8-47F5-A92B-D97A32A305D8,zaubermaus,/tournament/633C3E6E-A97A-45F9-B1B4-1ADA348C350C/player/88F1748E-E2A8-47F5-A92B-D97A32A305D8,zaubermaus,zaubermaus,3,25.0,25.0,29.39583201999916,20.604167980000835
188,/tournament/633C3E6E-A97A-45F9-B1B4-1ADA348C350C/player/A854A74E-D806-4B95-98CD-DB2510AC8AEB,Twisty,/tournament/633C3E6E-A97A-45F9-B1B4-1ADA348C350C/player/A854A74E-D806-4B95-98CD-DB2510AC8AEB,Twisty,Twisty,3,25.0,25.0,29.39583201999916,20.604167980000835
190,/tournament/633C3E6E-A97A-45F9-B1B4-1ADA348C350C/player/1F8BBA5A-DDAE-419B-AA90-3BF888811659,Gambit,/tournament/633C3E6E-A97A-45F9-B1B4-1ADA348C350C/player/1F8BBA5A-DDAE-419B-AA90-3BF888811659,Gambit,1,Gambit,25.0,25.0,29.39583201999916,20.604167980000835
157,/tournament/633C3E6E-A97A-45F9-B1B4-1ADA348C350C/player/6D876D0E-946D-4FF3-8E0B-7F8C856DA4F0,Ember,/tournament/633C3E6E-A97A-45F9-B1B4-1ADA348C350C/player/6D876D0E-946D-4FF3-8E0B-7F8C856DA4F0,Ember,Ember,3,25.0,25.0,29.39583201999916,20.604167980000835
187,/tournament/633C3E6E-A97A-45F9-B1B4-1ADA348C350C/player/E9AC8BCC-9BD0-4DE2-B0D8-37AABEEF76F2,HoG | Brub,/tournament/633C3E6E-A97A-45F9-B1B4-1ADA348C350C/player/E9AC8BCC-9BD0-4DE2-B0D8-37AABEEF76F2,HoG | Brub,1,HoG | Brub,25.0,25.0,29.39583201999916,20.604167980000835
189,/tournament/633C3E6E-A97A-45F9-B1B4-1ADA348C350C/player/A0E97F94-9634-44FA-AB18-3BA5CA6FB058,Miranda,/tournament/633C3E6E-A97A-45F9-B1B4-1ADA348C350C/player/A0E97F94-9634-44FA-AB18-3BA5CA6FB058,Miranda,Miranda,3,25.0,25.0,29.39583201999916,20.604167980000835
192,/tournament/633C3E6E-A97A-45F9-B1B4-1ADA348C350C/player/A0E97F94-9634-44FA-AB18-3BA5CA6FB058,Miranda,/tournament/633C3E6E-A97A-45F9-B1B4-1ADA348C350C/player/A0E97F94-9634-44FA-AB18-3BA5CA6FB058,Miranda,Miranda,3,25.0,25.0,29.39583201999916,20.604167980000835
158,/tournament/633C3E6E-A97A-45F9-B1B4-1ADA348C350C/player/92BBDDE1-A0B2-4F31-83F0-704B6F28CAA1,HoG | Arty,/tournament/633C3E6E-A97A-45F9-B1B4-1ADA348C350C/player/92BBDDE1-A0B2-4F31-83F0-704B6F28CAA1,HoG | Arty,HoG | Arty,3,25.0,25.0,29.39583201999916,20.604167980000835
191,/tournament/633C3E6E-A97A-45F9-B1B4-1ADA348C350C/player/88F1748E-E2A8-47F5-A92B-D97A32A305D8,zaubermaus,/tournament/633C3E6E-A97A-45F9-B1B4-1ADA348C350C/player/88F1748E-E2A8-47F5-A92B-D97A32A305D8,zaubermaus,2,zaubermaus,25.0,25.0,29.39583201999916,20.604167980000835
198,/tournament/633C3E6E-A97A-45F9-B1B4-1ADA348C350C/player/CF258595-DA2F-4F35-B902-5F4580CCC9FB,SoCal | Trivago,/tournament/633C3E6E-A97A-45F9-B1B4-1ADA348C350C/player/CF258595-DA2F-4F35-B902-5F4580CCC9FB,SoCal | Trivago,SoCal | Trivago,3,25.0,25.0,29.39583201999916,20.604167980000835
206,/tournament/633C3E6E-A97A-45F9-B1B4-1ADA348C350C/player/4738CE08-9633-4C53-8D0F-45944A712285,BKB | stocmoney,/tournament/633C3E6E-A97A-45F9-B1B4-1ADA348C350C/player/4738CE08-9633-4C53-8D0F-45944A712285,BKB | stocmoney,BKB | stocmoney,3,25.0,25.0,29.39583201999916,20.604167980000835
204,/tournament/633C3E6E-A97A-45F9-B1B4-1ADA348C350C/player/A4696039-2BA4-4252-B843-E7AC6E9BCE09,Smosh | Serb,/tournament/633C3E6E-A97A-45F9-B1B4-1ADA348C350C/player/A4696039-2BA4-4252-B843-E7AC6E9BCE09,Smosh | Serb,Smosh | Serb,3,25.0,25.0,29.39583201999916,20.604167980000835
196,/tournament/633C3E6E-A97A-45F9-B1B4-1ADA348C350C/player/C4AF1391-37ED-41B3-9754-0132ED67889A,Tichinde925,/tournament/633C3E6E-A97A-45F9-B1B4-1ADA348C350C/player/C4AF1391-37ED-41B3-9754-0132ED67889A,Tichinde925,Tichinde925,3,25.0,25.0,29.39583201999916,20.604167980000835
202,/tournament/633C3E6E-A97A-45F9-B1B4-1ADA348C350C/player/FBB95CFD-8AEE-40A6-8726-07BBE38B1F62,Cranberry,/tournament/633C3E6E-A97A-45F9-B1B4-1ADA348C350C/player/FBB95CFD-8AEE-40A6-8726-07BBE38B1F62,Cranberry,Cranberry,3,25.0,25.0,29.39583201999916,20.604167980000835
208,/tournament/633C3E6E-A97A-45F9-B1B4-1ADA348C350C/player/236B094F-B7B2-4C70-9FF4-ACF2F93F1AA9,Zetagi,/tournament/633C3E6E-A97A-45F9-B1B4-1ADA348C350C/player/236B094F-B7B2-4C70-9FF4-ACF2F93F1AA9,Zetagi,Zetagi,3,25.0,25.0,29.39583201999916,20.604167980000835
200,/tournament/633C3E6E-A97A-45F9-B1B4-1ADA348C350C/player/D10F4D4E-22B2-4CC2-9FD1-18CCE886CED8,Duffy,/tournament/633C3E6E-A97A-45F9-B1B4-1ADA348C350C/player/D10F4D4E-22B2-4CC2-9FD1-18CCE886CED8,Duffy,Duffy,3,25.0,25.0,29.39583201999916,20.604167980000835
194,/tournament/633C3E6E-A97A-45F9-B1B4-1ADA348C350C/player/F13A23D8-324D-4C3A-92AE-349C486A64C0,Cheezboom,/tournament/633C3E6E-A97A-45F9-B1B4-1ADA348C350C/player/F13A23D8-324D-4C3A-92AE-349C486A64C0,Cheezboom,Cheezboom,3,25.0,25.0,29.39583201999916,20.604167980000835
211,/tournament/633C3E6E-A97A-45F9-B1B4-1ADA348C350C/player/341D4C07-F906-408A-857F-06A0FC2D7C5A,hc | saucymain,/tournament/633C3E6E-A97A-45F9-B1B4-1ADA348C350C/player/341D4C07-F906-408A-857F-06A0FC2D7C5A,hc | saucymain,hc | saucymain,3,25.0,25.0,29.39583201999916,20.604167980000835
215,/tournament/633C3E6E-A97A-45F9-B1B4-1ADA348C350C/player/53C577AF-1520-4B89-9B73-3C975C2B902B,Ant,/tournament/633C3E6E-A97A-45F9-B1B4-1ADA348C350C/player/53C577AF-1520-4B89-9B73-3C975C2B902B,Ant,Ant,3,25.0,25.0,29.39583201999916,20.604167980000835
210,/tournament/633C3E6E-A97A-45F9-B1B4-1ADA348C350C/player/174CB3F0-F60B-4F34-B42E-53E585EFAF30,oz,/tournament/633C3E6E-A97A-45F9-B1B4-1ADA348C350C/player/174CB3F0-F60B-4F34-B42E-53E585EFAF30,oz,oz,3,25.0,25.0,29.39583201999916,20.604167980000835
213,/tournament/633C3E6E-A97A-45F9-B1B4-1ADA348C350C/player/28AE28BB-6DF8-43EF-ADC5-E010E4867644,glock in my toyota,/tournament/633C3E6E-A97A-45F9-B1B4-1ADA348C350C/player/28AE28BB-6DF8-43EF-ADC5-E010E4867644,glock in my toyota,glock in my toyota,3,25.0,25.0,29.39583201999916,20.604167980000835
214,/tournament/633C3E6E-A97A-45F9-B1B4-1ADA348C350C/player/8BBECC94-2CEC-442A-94B2-2E8A88084E1C,Lati,/tournament/633C3E6E-A97A-45F9-B1B4-1ADA348C350C/player/8BBECC94-2CEC-442A-94B2-2E8A88084E1C,Lati,Lati,3,25.0,25.0,29.39583201999916,20.604167980000835
216,/tournament/633C3E6E-A97A-45F9-B1B4-1ADA348C350C/player/1CCEBDD1-DCC1-4D0B-A4E1-FBB3CC9CDF89,MATE | 22K,/tournament/633C3E6E-A97A-45F9-B1B4-1ADA348C350C/player/1CCEBDD1-DCC1-4D0B-A4E1-FBB3CC9CDF89,MATE | 22K,MATE | 22K,3,25.0,25.0,29.39583201999916,20.604167980000835
209,/tournament/633C3E6E-A97A-45F9-B1B4-1ADA348C350C/player/D80D931D-463F-4A19-BBBD-8C3380DDD3D7,Project,/tournament/633C3E6E-A97A-45F9-B1B4-1ADA348C350C/player/D80D931D-463F-4A19-BBBD-8C3380DDD3D7,Project,Project,3,25.0,25.0,29.39583201999916,20.604167980000835
244,/tournament/633C3E6E-A97A-45F9-B1B4-1ADA348C350C/player/CF258595-DA2F-4F35-B902-5F4580CCC9FB,SoCal | Trivago,/tournament/633C3E6E-A97A-45F9-B1B4-1ADA348C350C/player/CF258595-DA2F-4F35-B902-5F4580CCC9FB,SoCal | Trivago,SoCal | Trivago,3,25.0,25.0,29.39583201999916,20.604167980000835
212,/tournament/633C3E6E-A97A-45F9-B1B4-1ADA348C350C/player/B6A56561-0E1A-4427-8714-60E2CC5F990C,Artelind,/tournament/633C3E6E-A97A-45F9-B1B4-1ADA348C350C/player/B6A56561-0E1A-4427-8714-60E2CC5F990C,Artelind,Artelind,3,25.0,25.0,29.39583201999916,20.604167980000835
245,/tournament/633C3E6E-A97A-45F9-B1B4-1ADA348C350C/player/C4AF1391-37ED-41B3-9754-0132ED67889A,Tichinde925,/tournament/633C3E6E-A97A-45F9-B1B4-1ADA348C350C/player/C4AF1391-37ED-41B3-9754-0132ED67889A,Tichinde925,Tichinde925,3,25.0,25.0,29.39583201999916,20.604167980000835
240,/tournament/633C3E6E-A97A-45F9-B1B4-1ADA348C350C/player/4738CE08-9633-4C53-8D0F-45944A712285,BKB | stocmoney,/tournament/633C3E6E-A97A-45F9-B1B4-1ADA348C350C/player/4738CE08-9633-4C53-8D0F-45944A712285,BKB | stocmoney,BKB | stocmoney,3,25.0,25.0,29.39583201999916,20.604167980000835
246,/tournament/633C3E6E-A97A-45F9-B1B4-1ADA348C350C/player/F13A23D8-324D-4C3A-92AE-349C486A64C0,Cheezboom,/tournament/633C3E6E-A97A-45F9-B1B4-1ADA348C350C/player/F13A23D8-324D-4C3A-92AE-349C486A64C0,Cheezboom,Cheezboom,3,25.0,25.0,29.39583201999916,20.604167980000835
242,/tournament/633C3E6E-A97A-45F9-B1B4-1ADA348C350C/player/FBB95CFD-8AEE-40A6-8726-07BBE38B1F62,Cranberry,/tournament/633C3E6E-A97A-45F9-B1B4-1ADA348C350C/player/FBB95CFD-8AEE-40A6-8726-07BBE38B1F62,Cranberry,Cranberry,3,25.0,25.0,29.39583201999916,20.604167980000835
241,/tournament/633C3E6E-A97A-45F9-B1B4-1ADA348C350C/player/A4696039-2BA4-4252-B843-E7AC6E9BCE09,Smosh | Serb,/tournament/633C3E6E-A97A-45F9-B1B4-1ADA348C350C/player/A4696039-2BA4-4252-B843-E7AC6E9BCE09,Smosh | Serb,Smosh | Serb,3,25.0,25.0,29.39583201999916,20.604167980000835
239,/tournament/633C3E6E-A97A-45F9-B1B4-1ADA348C350C/player/236B094F-B7B2-4C70-9FF4-ACF2F93F1AA9,Zetagi,/tournament/633C3E6E-A97A-45F9-B1B4-1ADA348C350C/player/236B094F-B7B2-4C70-9FF4-ACF2F93F1AA9,Zetagi,Zetagi,3,25.0,25.0,29.39583201999916,20.604167980000835
243,/tournament/633C3E6E-A97A-45F9-B1B4-1ADA348C350C/player/D10F4D4E-22B2-4CC2-9FD1-18CCE886CED8,Duffy,/tournament/633C3E6E-A97A-45F9-B1B4-1ADA348C350C/player/D10F4D4E-22B2-4CC2-9FD1-18CCE886CED8,Duffy,Duffy,3,25.0,25.0,29.39583201999916,20.604167980000835
217,/tournament/633C3E6E-A97A-45F9-B1B4-1ADA348C350C/player/D80D931D-463F-4A19-BBBD-8C3380DDD3D7,Project,/tournament/633C3E6E-A97A-45F9-B1B4-1ADA348C350C/player/D80D931D-463F-4A19-BBBD-8C3380DDD3D7,Project,Project,3,25.0,25.0,29.39583201999916,20.604167980000835
219,/tournament/633C3E6E-A97A-45F9-B1B4-1ADA348C350C/player/28AE28BB-6DF8-43EF-ADC5-E010E4867644,glock in my toyota,/tournament/633C3E6E-A97A-45F9-B1B4-1ADA348C350C/player/28AE28BB-6DF8-43EF-ADC5-E010E4867644,glock in my toyota,glock in my toyota,3,25.0,25.0,29.39583201999916,20.604167980000835
218,/tournament/633C3E6E-A97A-45F9-B1B4-1ADA348C350C/player/341D4C07-F906-408A-857F-06A0FC2D7C5A,hc | saucymain,/tournament/633C3E6E-A97A-45F9-B1B4-1ADA348C350C/player/341D4C07-F906-408A-857F-06A0FC2D7C5A,hc | saucymain,1,hc | saucymain,25.0,25.0,29.39583201999916,20.604167980000835
250,/tournament/633C3E6E-A97A-45F9-B1B4-1ADA348C350C/player/C4AF1391-37ED-41B3-9754-0132ED67889A,Tichinde925,/tournament/633C3E6E-A97A-45F9-B1B4-1ADA348C350C/player/C4AF1391-37ED-41B3-9754-0132ED67889A,Tichinde925,Tichinde925,3,25.0,25.0,29.39583201999916,20.604167980000835
247,/tournament/633C3E6E-A97A-45F9-B1B4-1ADA348C350C/player/236B094F-B7B2-4C70-9FF4-ACF2F93F1AA9,Zetagi,/tournament/633C3E6E-A97A-45F9-B1B4-1ADA348C350C/player/236B094F-B7B2-4C70-9FF4-ACF2F93F1AA9,Zetagi,0,Zetagi,25.0,25.0,29.39583201999916,20.604167980000835
248,/tournament/633C3E6E-A97A-45F9-B1B4-1ADA348C350C/player/A4696039-2BA4-4252-B843-E7AC6E9BCE09,Smosh | Serb,/tournament/633C3E6E-A97A-45F9-B1B4-1ADA348C350C/player/A4696039-2BA4-4252-B843-E7AC6E9BCE09,Smosh | Serb,Smosh | Serb,3,25.0,25.0,29.39583201999916,20.604167980000835
220,/tournament/633C3E6E-A97A-45F9-B1B4-1ADA348C350C/player/53C577AF-1520-4B89-9B73-3C975C2B902B,Ant,/tournament/633C3E6E-A97A-45F9-B1B4-1ADA348C350C/player/53C577AF-1520-4B89-9B73-3C975C2B902B,Ant,2,Ant,25.0,25.0,29.39583201999916,20.604167980000835
251,/tournament/633C3E6E-A97A-45F9-B1B4-1ADA348C350C/player/341D4C07-F906-408A-857F-06A0FC2D7C5A,hc | saucymain,/tournament/633C3E6E-A97A-45F9-B1B4-1ADA348C350C/player/341D4C07-F906-408A-857F-06A0FC2D7C5A,hc | saucymain,hc | saucymain,3,25.0,25.0,29.39583201999916,20.604167980000835
254,/tournament/633C3E6E-A97A-45F9-B1B4-1ADA348C350C/player/8BBECC94-2CEC-442A-94B2-2E8A88084E1C,Lati,/tournament/633C3E6E-A97A-45F9-B1B4-1ADA348C350C/player/8BBECC94-2CEC-442A-94B2-2E8A88084E1C,Lati,Lati,3,25.0,25.0,29.39583201999916,20.604167980000835
249,/tournament/633C3E6E-A97A-45F9-B1B4-1ADA348C350C/player/D10F4D4E-22B2-4CC2-9FD1-18CCE886CED8,Duffy,/tournament/633C3E6E-A97A-45F9-B1B4-1ADA348C350C/player/D10F4D4E-22B2-4CC2-9FD1-18CCE886CED8,Duffy,Duffy,3,25.0,25.0,29.39583201999916,20.604167980000835
222,/tournament/633C3E6E-A97A-45F9-B1B4-1ADA348C350C/player/28AE28BB-6DF8-43EF-ADC5-E010E4867644,glock in my toyota,/tournament/633C3E6E-A97A-45F9-B1B4-1ADA348C350C/player/28AE28BB-6DF8-43EF-ADC5-E010E4867644,glock in my toyota,glock in my toyota,3,25.0,25.0,29.39583201999916,20.604167980000835
252,/tournament/633C3E6E-A97A-45F9-B1B4-1ADA348C350C/player/174CB3F0-F60B-4F34-B42E-53E585EFAF30,oz,/tournament/633C3E6E-A97A-45F9-B1B4-1ADA348C350C/player/174CB3F0-F60B-4F34-B42E-53E585EFAF30,oz,oz,3,25.0,25.0,29.39583201999916,20.604167980000835
253,/tournament/633C3E6E-A97A-45F9-B1B4-1ADA348C350C/player/53C577AF-1520-4B89-9B73-3C975C2B902B,Ant,/tournament/633C3E6E-A97A-45F9-B1B4-1ADA348C350C/player/53C577AF-1520-4B89-9B73-3C975C2B902B,Ant,Ant,3,25.0,25.0,29.39583201999916,20.604167980000835
255,/tournament/633C3E6E-A97A-45F9-B1B4-1ADA348C350C/player/341D4C07-F906-408A-857F-06A0FC2D7C5A,hc | saucymain,/tournament/633C3E6E-A97A-45F9-B1B4-1ADA348C350C/player/341D4C07-F906-408A-857F-06A0FC2D7C5A,hc | saucymain,hc | saucymain,3,25.0,25.0,29.39583201999916,20.604167980000835
256,/tournament/633C3E6E-A97A-45F9-B1B4-1ADA348C350C/player/53C577AF-1520-4B89-9B73-3C975C2B902B,Ant,/tournament/633C3E6E-A97A-45F9-B1B4-1ADA348C350C/player/53C577AF-1520-4B89-9B73-3C975C2B902B,Ant,0,Ant,25.0,25.0,29.39583201999916,20.604167980000835
221,/tournament/633C3E6E-A97A-45F9-B1B4-1ADA348C350C/player/D80D931D-463F-4A19-BBBD-8C3380DDD3D7,Project,/tournament/633C3E6E-A97A-45F9-B1B4-1ADA348C350C/player/D80D931D-463F-4A19-BBBD-8C3380DDD3D7,Project,2,Project,25.0,25.0,29.39583201999916,20.604167980000835
1,/tournament/633C3E6E-A97A-45F9-B1B4-1ADA348C350C/player/F6E88BFB-8602-4A5A-9A02-7FA6D3098A6C,MATE | Kalvar,/tournament/633C3E6E-A97A-45F9-B1B4-1ADA348C350C/player/F6E88BFB-8602-4A5A-9A02-7FA6D3098A6C,MATE | Kalvar,MATE | Kalvar,3,25.0,25.0,29.39583201999916,20.604167980000835
32,/tournament/633C3E6E-A97A-45F9-B1B4-1ADA348C350C/player/D80D931D-463F-4A19-BBBD-8C3380DDD3D7,Project,/tournament/633C3E6E-A97A-45F9-B1B4-1ADA348C350C/player/D80D931D-463F-4A19-BBBD-8C3380DDD3D7,Project,Project,3,25.0,25.0,29.39583201999916,20.604167980000835
30,/tournament/633C3E6E-A97A-45F9-B1B4-1ADA348C350C/player/146362B5-C93F-4326-A961-87E5CB8CC214,Karils | Conflict,/tournament/633C3E6E-A97A-45F9-B1B4-1ADA348C350C/player/146362B5-C93F-4326-A961-87E5CB8CC214,Karils | Conflict,Karils | Conflict,3,25.0,25.0,29.39583201999916,20.604167980000835
2,/tournament/633C3E6E-A97A-45F9-B1B4-1ADA348C350C/player/B6A56561-0E1A-4427-8714-60E2CC5F990C,Artelind,/tournament/633C3E6E-A97A-45F9-B1B4-1ADA348C350C/player/B6A56561-0E1A-4427-8714-60E2CC5F990C,Artelind,0,Artelind,25.0,25.0,29.39583201999916,20.604167980000835
25,/tournament/633C3E6E-A97A-45F9-B1B4-1ADA348C350C/player/5E7DE9BF-70A3-4564-8258-F717553F12A8,regEx,/tournament/633C3E6E-A97A-45F9-B1B4-1ADA348C350C/player/5E7DE9BF-70A3-4564-8258-F717553F12A8,regEx,0,regEx,25.0,25.0,29.39583201999916,20.604167980000835
29,/tournament/633C3E6E-A97A-45F9-B1B4-1ADA348C350C/player/1CCEBDD1-DCC1-4D0B-A4E1-FBB3CC9CDF89,MATE | 22K,/tournament/633C3E6E-A97A-45F9-B1B4-1ADA348C350C/player/1CCEBDD1-DCC1-4D0B-A4E1-FBB3CC9CDF89,MATE | 22K,1,MATE | 22K,25.0,25.0,29.39583201999916,20.604167980000835
28,/tournament/633C3E6E-A97A-45F9-B1B4-1ADA348C350C/player/26D4A774-A067-467A-8E7A-C1DCD52E9F8A,Guex,/tournament/633C3E6E-A97A-45F9-B1B4-1ADA348C350C/player/26D4A774-A067-467A-8E7A-C1DCD52E9F8A,Guex,Guex,3,25.0,25.0,29.39583201999916,20.604167980000835
27,/tournament/633C3E6E-A97A-45F9-B1B4-1ADA348C350C/player/3F0F141D-F841-4851-8108-F0A7C43838D3,hc | kraft,/tournament/633C3E6E-A97A-45F9-B1B4-1ADA348C350C/player/3F0F141D-F841-4851-8108-F0A7C43838D3,hc | kraft,hc | kraft,3,25.0,25.0,29.39583201999916,20.604167980000835
26,/tournament/633C3E6E-A97A-45F9-B1B4-1ADA348C350C/player/4B144262-CF20-4CE7-8A2E-A8F58AB635E9,Comcast | The CoveCare Scare,/tournament/633C3E6E-A97A-45F9-B1B4-1ADA348C350C/player/4B144262-CF20-4CE7-8A2E-A8F58AB635E9,Comcast | The CoveCare Scare,Comcast | The CoveCare Scare,3,25.0,25.0,29.39583201999916,20.604167980000835
3,/tournament/633C3E6E-A97A-45F9-B1B4-1ADA348C350C/player/E5B2C321-A1F7-4630-AE8A-6C5154CFAA7C,bonfire10,/tournament/633C3E6E-A97A-45F9-B1B4-1ADA348C350C/player/E5B2C321-A1F7-4630-AE8A-6C5154CFAA7C,bonfire10,bonfire10,3,25.0,25.0,29.39583201999916,20.604167980000835
31,/tournament/633C3E6E-A97A-45F9-B1B4-1ADA348C350C/player/FD39543D-BDAA-4761-819C-A24F04A13F66,Sweat,/tournament/633C3E6E-A97A-45F9-B1B4-1ADA348C350C/player/FD39543D-BDAA-4761-819C-A24F04A13F66,Sweat,Sweat,3,25.0,25.0,29.39583201999916,20.604167980000835
34,/tournament/633C3E6E-A97A-45F9-B1B4-1ADA348C350C/player/3F0F141D-F841-4851-8108-F0A7C43838D3,hc | kraft,/tournament/633C3E6E-A97A-45F9-B1B4-1ADA348C350C/player/3F0F141D-F841-4851-8108-F0A7C43838D3,hc | kraft,0,hc | kraft,25.0,25.0,29.39583201999916,20.604167980000835
35,/tournament/633C3E6E-A97A-45F9-B1B4-1ADA348C350C/player/62E74BF0-2516-47FB-9904-8B687A4DEFC9,Rat Rattington,/tournament/633C3E6E-A97A-45F9-B1B4-1ADA348C350C/player/62E74BF0-2516-47FB-9904-8B687A4DEFC9,Rat Rattington,2,Rat Rattington,25.0,25.0,29.39583201999916,20.604167980000835
36,/tournament/633C3E6E-A97A-45F9-B1B4-1ADA348C350C/player/FD39543D-BDAA-4761-819C-A24F04A13F66,Sweat,/tournament/633C3E6E-A97A-45F9-B1B4-1ADA348C350C/player/FD39543D-BDAA-4761-819C-A24F04A13F66,Sweat,0,Sweat,25.0,25.0,29.39583201999916,20.604167980000835
33,/tournament/633C3E6E-A97A-45F9-B1B4-1ADA348C350C/player/50459CB1-F14C-4F3E-894B-2F284C0EC5CB,Bin/BTR | Yousef,/tournament/633C3E6E-A97A-45F9-B1B4-1ADA348C350C/player/50459CB1-F14C-4F3E-894B-2F284C0EC5CB,Bin/BTR | Yousef,0,Bin/BTR | Yousef,25.0,25.0,29.39583201999916,20.604167980000835
4,/tournament/633C3E6E-A97A-45F9-B1B4-1ADA348C350C/player/6D876D0E-946D-4FF3-8E0B-7F8C856DA4F0,Ember,/tournament/633C3E6E-A97A-45F9-B1B4-1ADA348C350C/player/6D876D0E-946D-4FF3-8E0B-7F8C856DA4F0,Ember,Ember,3,25.0,25.0,29.39583201999916,20.604167980000835
40,/tournament/633C3E6E-A97A-45F9-B1B4-1ADA348C350C/player/903E1473-2420-4D37-BD00-D5E4B08DBD1F,OUG | Electroman,/tournament/633C3E6E-A97A-45F9-B1B4-1ADA348C350C/player/903E1473-2420-4D37-BD00-D5E4B08DBD1F,OUG | Electroman,0,OUG | Electroman,25.0,25.0,29.39583201999916,20.604167980000835
38,/tournament/633C3E6E-A97A-45F9-B1B4-1ADA348C350C/player/81101D13-20BA-4EAE-B751-833DA282F716,kuro,/tournament/633C3E6E-A97A-45F9-B1B4-1ADA348C350C/player/81101D13-20BA-4EAE-B751-833DA282F716,kuro,kuro,3,25.0,25.0,29.39583201999916,20.604167980000835
37,/tournament/633C3E6E-A97A-45F9-B1B4-1ADA348C350C/player/B6A56561-0E1A-4427-8714-60E2CC5F990C,Artelind,/tournament/633C3E6E-A97A-45F9-B1B4-1ADA348C350C/player/B6A56561-0E1A-4427-8714-60E2CC5F990C,Artelind,1,Artelind,25.0,25.0,29.39583201999916,20.604167980000835
5,/tournament/633C3E6E-A97A-45F9-B1B4-1ADA348C350C/player/F6E88BFB-8602-4A5A-9A02-7FA6D3098A6C,MATE | Kalvar,/tournament/633C3E6E-A97A-45F9-B1B4-1ADA348C350C/player/F6E88BFB-8602-4A5A-9A02-7FA6D3098A6C,MATE | Kalvar,MATE | Kalvar,3,25.0,25.0,29.39583201999916,20.604167980000835
39,/tournament/633C3E6E-A97A-45F9-B1B4-1ADA348C350C/player/92BBDDE1-A0B2-4F31-83F0-704B6F28CAA1,HoG | Arty,/tournament/633C3E6E-A97A-45F9-B1B4-1ADA348C350C/player/92BBDDE1-A0B2-4F31-83F0-704B6F28CAA1,HoG | Arty,HoG | Arty,3,25.0,25.0,29.39583201999916,20.604167980000835
42,/tournament/633C3E6E-A97A-45F9-B1B4-1ADA348C350C/player/92BBDDE1-A0B2-4F31-83F0-704B6F28CAA1,HoG | Arty,/tournament/633C3E6E-A97A-45F9-B1B4-1ADA348C350C/player/92BBDDE1-A0B2-4F31-83F0-704B6F28CAA1,HoG | Arty,HoG | Arty,3,25.0,25.0,29.39583201999916,20.604167980000835
41,/tournament/633C3E6E-A97A-45F9-B1B4-1ADA348C350C/player/4B144262-CF20-4CE7-8A2E-A8F58AB635E9,Comcast | The CoveCare Scare,/tournament/633C3E6E-A97A-45F9-B1B4-1ADA348C350C/player/4B144262-CF20-4CE7-8A2E-A8F58AB635E9,Comcast | The CoveCare Scare,Comcast | The CoveCare Scare,3,25.0,25.0,29.39583201999916,20.604167980000835
6,/tournament/633C3E6E-A97A-45F9-B1B4-1ADA348C350C/player/E5B2C321-A1F7-4630-AE8A-6C5154CFAA7C,bonfire10,/tournament/633C3E6E-A97A-45F9-B1B4-1ADA348C350C/player/E5B2C321-A1F7-4630-AE8A-6C5154CFAA7C,bonfire10,2,bonfire10,25.0,25.0,29.39583201999916,20.604167980000835
44,/tournament/633C3E6E-A97A-45F9-B1B4-1ADA348C350C/player/28AE28BB-6DF8-43EF-ADC5-E010E4867644,glock in my toyota,/tournament/633C3E6E-A97A-45F9-B1B4-1ADA348C350C/player/28AE28BB-6DF8-43EF-ADC5-E010E4867644,glock in my toyota,2,glock in my toyota,25.0,25.0,29.39583201999916,20.604167980000835
43,/tournament/633C3E6E-A97A-45F9-B1B4-1ADA348C350C/player/E5B2C321-A1F7-4630-AE8A-6C5154CFAA7C,bonfire10,/tournament/633C3E6E-A97A-45F9-B1B4-1ADA348C350C/player/E5B2C321-A1F7-4630-AE8A-6C5154CFAA7C,bonfire10,bonfire10,3,25.0,25.0,29.39583201999916,20.604167980000835
7,/tournament/633C3E6E-A97A-45F9-B1B4-1ADA348C350C/player/F6E88BFB-8602-4A5A-9A02-7FA6D3098A6C,MATE | Kalvar,/tournament/633C3E6E-A97A-45F9-B1B4-1ADA348C350C/player/F6E88BFB-8602-4A5A-9A02-7FA6D3098A6C,MATE | Kalvar,MATE | Kalvar,3,25.0,25.0,29.39583201999916,20.604167980000835
45,/tournament/633C3E6E-A97A-45F9-B1B4-1ADA348C350C/player/E5B2C321-A1F7-4630-AE8A-6C5154CFAA7C,bonfire10,/tournament/633C3E6E-A97A-45F9-B1B4-1ADA348C350C/player/E5B2C321-A1F7-4630-AE8A-6C5154CFAA7C,bonfire10,bonfire10,3,25.0,25.0,29.39583201999916,20.604167980000835
46,/tournament/633C3E6E-A97A-45F9-B1B4-1ADA348C350C/player/6D876D0E-946D-4FF3-8E0B-7F8C856DA4F0,Ember,/tournament/633C3E6E-A97A-45F9-B1B4-1ADA348C350C/player/6D876D0E-946D-4FF3-8E0B-7F8C856DA4F0,Ember,Ember,3,25.0,25.0,29.39583201999916,20.604167980000835
8,/tournament/633C3E6E-A97A-45F9-B1B4-1ADA348C350C/player/F6E88BFB-8602-4A5A-9A02-7FA6D3098A6C,MATE | Kalvar,/tournament/633C3E6E-A97A-45F9-B1B4-1ADA348C350C/player/F6E88BFB-8602-4A5A-9A02-7FA6D3098A6C,MATE | Kalvar,MATE | Kalvar,3,25.0,25.0,29.39583201999916,20.604167980000835
